[
    {
        "name": "Maple", 
        "className": "maple",
        "desc": "改自https://github.com/xbmlz/hexo-theme-maple",
        "author": "Sun Booshi"
    },
    {
        "name": "MWeb Ayu",
        "className": "mweb-ayu",
        "desc": "MWeb-Themes https://github.com/imageslr/mweb-themes",
        "author": "imageslr"
    },
    {
        "name": "MWeb Bear Default",
        "className": "mweb-bear-default",
        "desc": "MWeb-Themes https://github.com/imageslr/mweb-themes",
        "author": "imageslr"
    },
    {
        "name": "MWeb Contrast",
        "className": "mweb-contrast",
        "desc": "MWeb-Themes https://github.com/imageslr/mweb-themes",
        "author": "imageslr"
    },
    {
        "name": "MWeb D Boring",
        "className": "mweb-d-boring",
        "desc": "MWeb-Themes https://github.com/imageslr/mweb-themes",
        "author": "imageslr"
    },
    {
        "name": "MWeb Default",
        "className": "mweb-default",
        "desc": "MWeb-Themes https://github.com/imageslr/mweb-themes",
        "author": "imageslr"
    },
    {
        "name": "MWeb Duotone Heat",
        "className": "mweb-duotone-heat",
        "desc": "MWeb-Themes https://github.com/imageslr/mweb-themes",
        "author": "imageslr"
    },
    {
        "name": "MWeb Duotone Light",
        "className": "mweb-duotone-light",
        "desc": "MWeb-Themes https://github.com/imageslr/mweb-themes",
        "author": "imageslr"
    },
    {
        "name": "MWeb Gandalf",
        "className": "mweb-gandalf",
        "desc": "MWeb-Themes https://github.com/imageslr/mweb-themes",
        "author": "imageslr"
    },
    {
        "name": "MWeb Indigo",
        "className": "mweb-indigo",
        "desc": "MWeb-Themes https://github.com/imageslr/mweb-themes",
        "author": "imageslr"
    },
    {
        "name": "MWeb Jzman",
        "className": "mweb-jzman",
        "desc": "MWeb-Themes https://github.com/imageslr/mweb-themes",
        "author": "imageslr"
    },
    {
        "name": "MWeb Lark Bold Color",
        "className": "mweb-lark-bold-color",
        "desc": "MWeb-Themes https://github.com/imageslr/mweb-themes",
        "author": "imageslr"
    },
    {
        "name": "MWeb Lark",
        "className": "mweb-lark",
        "desc": "MWeb-Themes https://github.com/imageslr/mweb-themes",
        "author": "imageslr"
    },
    {
        "name": "MWeb Olive Dunk",
        "className": "mweb-olive-dunk",
        "desc": "MWeb-Themes https://github.com/imageslr/mweb-themes",
        "author": "imageslr"
    },
    {
        "name": "MWeb Red Graphite",
        "className": "mweb-red-graphite",
        "desc": "MWeb-Themes https://github.com/imageslr/mweb-themes",
        "author": "imageslr"
    },
    {
        "name": "MWeb Smartblue",
        "className": "mweb-smartblue",
        "desc": "MWeb-Themes https://github.com/imageslr/mweb-themes",
        "author": "imageslr"
    },
    {
        "name": "MWeb Solarized Light",
        "className": "mweb-solarized-light",
        "desc": "MWeb-Themes https://github.com/imageslr/mweb-themes",
        "author": "imageslr"
    },
    {
        "name": "MWeb Typo",
        "className": "mweb-typo",
        "desc": "MWeb-Themes https://github.com/imageslr/mweb-themes",
        "author": "imageslr"
    },
    {
        "name": "MWeb V Green",
        "className": "mweb-v-green",
        "desc": "MWeb-Themes https://github.com/imageslr/mweb-themes",
        "author": "imageslr"
    },
    {
        "name": "MWeb Vue",
        "className": "mweb-vue",
        "desc": "MWeb-Themes https://github.com/imageslr/mweb-themes",
        "author": "imageslr"
    },
    {
        "name": "MWeb Ayu Mirage",
        "className": "mweb-ayu-mirage",
        "desc": "MWeb-Themes https://github.com/imageslr/mweb-themes",
        "author": "imageslr"
    },
    {
        "name": "MWeb Charcoal",
        "className": "mweb-charcoal",
        "desc": "MWeb-Themes https://github.com/imageslr/mweb-themes",
        "author": "imageslr"
    },
    {
        "name": "MWeb Cobalt",
        "className": "mweb-cobalt",
        "desc": "MWeb-Themes https://github.com/imageslr/mweb-themes",
        "author": "imageslr"
    },
    {
        "name": "MWeb Dark Graphite",
        "className": "mweb-dark-graphite",
        "desc": "MWeb-Themes https://github.com/imageslr/mweb-themes",
        "author": "imageslr"
    },
    {
        "name": "MWeb Dieci",
        "className": "mweb-dieci",
        "desc": "MWeb-Themes https://github.com/imageslr/mweb-themes",
        "author": "imageslr"
    },
    {
        "name": "MWeb Dracula",
        "className": "mweb-dracula",
        "desc": "MWeb-Themes https://github.com/imageslr/mweb-themes",
        "author": "imageslr"
    },
    {
        "name": "MWeb Gotham",
        "className": "mweb-gotham",
        "desc": "MWeb-Themes https://github.com/imageslr/mweb-themes",
        "author": "imageslr"
    },
    {
        "name": "MWeb Lighthouse",
        "className": "mweb-lighthouse",
        "desc": "MWeb-Themes https://github.com/imageslr/mweb-themes",
        "author": "imageslr"
    },
    {
        "name": "MWeb Nord",
        "className": "mweb-nord",
        "desc": "MWeb-Themes https://github.com/imageslr/mweb-themes",
        "author": "imageslr"
    },
    {
        "name": "MWeb Panic",
        "className": "mweb-panic",
        "desc": "MWeb-Themes https://github.com/imageslr/mweb-themes",
        "author": "imageslr"
    },
    {
        "name": "MWeb Solarized Dark",
        "className": "mweb-solarized-dark",
        "desc": "MWeb-Themes https://github.com/imageslr/mweb-themes",
        "author": "imageslr"
    },
    {
        "name": "MWeb Toothpaste",
        "className": "mweb-toothpaste",
        "desc": "MWeb-Themes https://github.com/imageslr/mweb-themes",
        "author": "imageslr"
    }
]